{"_runtime":396.568084044,"_step":713,"currentloss":91.35008530318737,"accuracy":0.80024682651622,"_wandb":{"runtime":396},"epoch":1,"loss":0.513202726422401,"_timestamp":1.7419101639614995e+09}