{"_step":5,"_wandb":{"runtime":10},"epoch":0,"currentloss":1.6222079992294312,"_timestamp":1.7419095371157727e+09,"_runtime":10.167187955}