{"trainsmallloss":1.3910309076309204,"_timestamp":1.7420056154798e+09,"_runtime":1.584703631,"_step":0,"_wandb":{"runtime":1}}