{"testloss":1.3900599479675293,"_timestamp":1.7419145851797452e+09,"_runtime":12.92676215,"_step":79,"totalloss":55.53066694736481,"_wandb":{"runtime":13}}