{"_runtime":138.633809532,"_step":180,"train/smallloss":0.8256197571754456,"train/totalloss":171.54624488949776,"train/accuracy":0.6440409026798307,"train/epochloss":0.9637429488174031,"_wandb":{"runtime":138},"_timestamp":1.7420086326580136e+09}