{"_wandb":{"runtime":285},"_runtime":285.262252256,"train/accuracy":0.8037729196050776,"_timestamp":1.7420091242294965e+09,"testaccuracy":0.7333333333333333,"val/accuracy":0.8125,"val/smallloss":0.5587234497070312,"val/epochloss":0.45245573279403506,"_step":431,"train/epochloss":0.5111852266480413,"train/smallloss":0.3085305690765381,"val/totalloss":9.501570388674736,"testsmallloss":0.4755762219429016,"testtotalloss":15.624089300632477,"train/totalloss":90.99097034335136}