{"_wandb":{"runtime":1},"_step":0,"trainsmallloss":1.3851585388183594,"_timestamp":1.7420060335563376e+09,"_runtime":1.412192123}