{"trainsmallloss":1.3979806900024414,"_timestamp":1.7420056431339495e+09,"_runtime":1.4803097539999999,"_step":0,"_wandb":{"runtime":1}}