{"train/smallloss":0.5593041181564331,"_timestamp":1.742006797507195e+09,"_runtime":131.150142691,"_step":180,"train/totalloss":158.15803894400597,"train/accuracy":0.6475669957686883,"train/epochloss":0.8885283086741909,"_wandb":{"runtime":131}}