{"_timestamp":1.7420064794402637e+09,"_runtime":1.352571497,"_step":0,"_wandb":{"runtime":2},"trainsmallloss":1.3926312923431396}