{"_wandb":{"runtime":152},"_timestamp":1.7419097171446047e+09,"_runtime":151.915622402,"_step":152,"epoch":0,"currentloss":0.8910088539123535}