{"_runtime":132.344457502,"_step":180,"train/totalloss":182.93706500530243,"train/accuracy":0.6613187588152327,"train/epochloss":1.027736320254508,"_wandb":{"runtime":132},"train/smallloss":0.3875764310359955,"_timestamp":1.7420082320854948e+09}