{"_step":0,"_wandb":{"runtime":1},"train/smallloss":1.3933806419372559,"_timestamp":1.7420080427934036e+09,"_runtime":1.346763712}