{"_wandb":{"runtime":1},"testloss":1.3817956447601318,"_timestamp":1.7419143599607432e+09,"_runtime":1.093477417,"_step":1,"totalloss":1.3817956447601318}