{"currentloss":0.7177553176879883,"_timestamp":1.741909341376068e+09,"_runtime":66.646124591,"_step":58,"_wandb":{"runtime":68},"epoch":0}