{"testloss":1.3942879438400269,"_timestamp":1.7419143799200284e+09,"totalloss":1.3942879438400269,"_wandb":{"runtime":1},"_runtime":0.892140335,"_step":1}