{"testloss":1.404731035232544,"_timestamp":1.7419146937028964e+09,"_runtime":13.481574618,"_step":41,"totalloss":55.60230827331543,"accuracy":0.23288749016522423,"_wandb":{"runtime":13}}