{"_step":0,"trainsmallloss":1.3883143663406372,"_timestamp":1.7420058876568081e+09,"_runtime":1.373108264,"_wandb":{"runtime":1}}