{"_step":39,"_wandb":{"runtime":13},"testloss":1.3736799955368042,"_timestamp":1.7419146578382516e+09,"_runtime":13.787902046}