{"testloss":1.3870112895965576,"_timestamp":1.7419145461344602e+09,"_runtime":12.792011995,"_step":79,"totalloss":55.33619463443756,"_wandb":{"runtime":13}}