{"epoch":1,"loss":0.5293938776247957,"_wandb":{"runtime":4562},"testloss":0.9798546433448792,"totalloss":31.486015528440475,"total":94.23211021721363,"accuracy":0.7277734067663257,"_runtime":4561.547112459,"_step":401,"_timestamp":1.7419193278741117e+09}