{"_wandb":{"runtime":29},"_step":36,"trainsmallloss":0.8512654900550842,"_timestamp":1.7420064704014943e+09,"_runtime":29.447508167}