{"_timestamp":1.7419204804327137e+09,"_wandb":{"runtime":168},"_runtime":168.614654684,"_step":177,"trainsmallloss":0.5316120982170105}