{"train/accuracy":0.6202397743300423,"train/epochloss":0.9493222676133841,"_wandb":{"runtime":127},"_runtime":127.244234717,"_step":180,"train/smallloss":0.03993766009807587,"_timestamp":1.7420077958931203e+09,"train/totalloss":168.97936363518238}